dep;nb_accidents;nb_accidents_log;population;ratio_accidents_pop;ratio_log
01;382;5.948034989180646;686804.0;0.5561994397237058;0.44224659217216483
02;253;5.537334267018537;536985.0;0.4711491009990968;0.38604379678119477
03;235;5.4638318050256105;343338.0;0.6844567161223052;0.5214430881483516
04;193;5.267858159063328;171621.0;1.1245710023831583;0.7535699007641664
05;201;5.308267697401205;145993.0;1.3767783386874712;0.8657459314792716
06;835;6.728628613084702;1128455.0;0.7399497543100966;0.553856235976216
07;276;5.6240175061873385;341709.0;0.8077048014538687;0.5920579751072583
08;106;4.672828834461906;273109.0;0.38812342324859306;0.3279527797801596
09;127;4.852030263919617;159309.0;0.7971928767364054;0.5862259346718517
10;383;5.950642552587727;317888.0;1.2048268572579022;0.7906489830302021
11;361;5.891644211825771;386066.0;0.9350732776261054;0.6601451953389256
12;191;5.2574953720277815;289781.0;0.6591184377167586;0.5062863996888768
13;2057;7.629489916393995;2093958.0;0.9823501713023851;0.6842830960352646
14;482;6.180016653652572;718172.0;0.6711484156998602;0.5135110641609653
15;168;5.1298987149230735;149242.0;1.1256884791144584;0.7540957400744079
16;128;4.859812404361672;360259.0;0.3552999369897768;0.30402278554811574
17;414;6.028278520230698;683710.0;0.6055198841614134;0.47344761949808967
18;177;5.181783550292085;306254.0;0.5779516349174215;0.45612757234524204
19;203;5.318119993844216;247619.0;0.819807849963048;0.598730918571686
21;242;5.493061443340548;549018.0;0.4407870051619437;0.36518949565649844
22;511;6.238324625039508;627182.0;0.8147555255093418;0.5959507619553326
23;44;3.8066624897703196;118874.0;0.37013981190167744;0.3149127871160094
24;196;5.2832037287379885;426445.0;0.45961378372357514;0.37817186902938293
25;376;5.932245187448011;562072.0;0.6689534436869298;0.5121967495554198
26;293;5.683579767338681;534077.0;0.5486100318867878;0.4373577749856576
27;450;6.111467339502679;614731.0;0.7320275047134438;0.5492926903336928
28;280;5.638354669333745;442835.0;0.632289679000079;0.48998374017806623
29;711;6.568077911411976;952351.0;0.7465734797359377;0.5576558569453912
2A;286;5.659482215759621;168376.0;1.6985793699814702;0.9927254752738008
2B;346;5.849324779946859;187843.0;1.841963767614444;1.0444952806895045
30;429;6.063785208687608;777323.0;0.5518941289528292;0.43947620355330896
31;535;6.284134161070802;1479413.0;0.361629916730487;0.30868245034242975
32;126;4.844187086458591;198988.0;0.6332040123022493;0.4905437371723951
33;1189;7.0817085861055755;1701107.0;0.6989566206005854;0.5300143100510591
34;659;6.492239835020471;1235457.0;0.5334058571038895;0.42749131181965155
35;731;6.595780513961311;1133863.0;0.6446986981672389;0.49755720523272395
36;115;4.7535901911063645;222400.0;0.5170863309352518;0.4167916077354406
37;585;6.373319789577012;628358.0;0.9309979342986004;0.6580369336884776
38;652;6.481577129276431;1316153.0;0.49538313554731095;0.40238245196713096
39;157;5.062595033026967;267295.0;0.5873660188181596;0.4620760506281722
40;170;5.14166355650266;440615.0;0.3858243591343917;0.3262951677261574
41;210;5.351858133476067;337416.0;0.6223771249733268;0.483892434816639
42;379;5.940171252720432;785855.0;0.48227726488983336;0.39357959769478357
43;213;5.365976015021851;234921.0;0.9066877801473687;0.6453675901661508
44;688;6.535241271013659;1502050.0;0.4580406777404214;0.37709353288206576
45;443;6.095824562432225;701560.0;0.6314499116255202;0.4894691357681415
46;125;4.836281906951478;181023.0;0.6905199891726466;0.525036167510357
47;255;5.545177444479562;340185.0;0.7495921336919616;0.559382694309478
48;70;4.2626798770413155;80049.0;0.8744643905607815;0.6283229602466678
49;712;6.569481420414296;848029.0;0.8395939289812023;0.6095448564940169
50;424;6.052089168924417;511634.0;0.828717403456377;0.6036148486992182
51;558;6.326149473155099;575111.0;0.9702474826598692;0.6781591605753173
52;111;4.718498871295094;174637.0;0.635604138870915;0.49201223999604793
53;130;4.875197323201151;314524.0;0.4133229896605664;0.34594366191258363
54;602;6.401917196727186;744052.0;0.8090832361179058;0.5928202175812205
55;111;4.718498871295094;185753.0;0.5975677378023505;0.46848230875078545
56;533;6.280395838960195;797092.0;0.6686806541779368;0.5120332867541649
57;351;5.863631175598097;1068619.0;0.32846131315277005;0.28402136509576287
58;193;5.267858159063328;207295.0;0.9310403048795195;0.6580588757710241
59;1004;6.912742820493176;2646988.0;0.3792990372453521;0.3215754260967388
60;517;6.249975242259483;848010.0;0.6096626219030435;0.4760246054243482
61;236;5.4680601411351315;283434.0;0.8326453424783195;0.6057604654006583
62;614;6.421622267806518;1481487.0;0.4144484561795007;0.34673967149109297
63;529;6.272877006546167;678623.0;0.7795197038709268;0.576343498607526
64;879;6.779921907472252;718206.0;1.223882841413188;0.7992546957800482
65;218;5.389071729816501;237183.0;0.9191215222001576;0.6518675408153363
66;378;5.937536205082426;501001.0;0.754489511996982;0.5621779382501008
67;608;6.411818267709897;1172296.0;0.518640343394501;0.4178154236198764
68;367;5.908082938168931;781443.0;0.46964397915139044;0.3850201804041796
69;1921;7.561121589530238;1933160.0;0.9937097808769063;0.6899971147466233
70;108;4.6913478822291435;239980.0;0.4500375031252605;0.37158942032232734
71;530;6.274762021241939;563990.0;0.9397329739889004;0.662550321327907
72;463;6.139884552226255;579000.0;0.7996545768566494;0.587594744740317
73;290;5.673323267171493;457463.0;0.6339310501614338;0.49098879858386746
74;525;6.26530121273771;869929.0;0.6034975268096592;0.4721871977798545
75;4763;8.46884293047519;2129257.0;2.2369305349236845;1.174625515005375
76;790;6.673297967767654;1280768.0;0.6168174095542674;0.48045965495767984
77;892;6.794586580876499;1468459.0;0.6074394995025398;0.4746425400310378
78;646;6.472346294500901;1493882.0;0.4324304061498833;0.35937258633228714
79;176;5.176149732573829;385737.0;0.4562694270967006;0.3758779787384784
80;274;5.616771097666572;575480.0;0.4761242788628623;0.38941992240526585
81;206;5.332718793265369;406186.0;0.5071568197820703;0.4102249751342271
82;147;4.997212273764115;270664.0;0.5431087991014689;0.4337990823025146
83;804;6.690842277418564;1124489.0;0.7149914316636267;0.5394080844909193
84;336;5.820082930352362;579262.0;0.5800484064205834;0.45745548354462573
85;387;5.961005339623274;725062.0;0.5337474588380029;0.42771406021227365
86;224;5.41610040220442;448866.0;0.4990353468518444;0.4048217991305384
87;422;6.0473721790462776;378754.0;1.1141796522280951;0.7486668659697644
88;177;5.181783550292085;369069.0;0.4795851182299245;0.39176172295715933
89;168;5.1298987149230735;342095.0;0.4910916558265979;0.39950850661395404
90;37;3.6375861597263857;142989.0;0.2587611634461392;0.23012803368748663
91;1319;7.1853870155804165;1338107.0;0.9857208728449967;0.685982008335901
92;2563;7.849323818040561;1663026.0;1.541166524155365;0.9326232370806607
93;2650;7.8826922062890254;1688205.0;1.5697145785020186;0.9437948337909958
94;2204;7.6984827878809465;1428350.0;1.5430391710715161;0.9333598898099525
95;906;6.810142450115136;1280338.0;0.7076256426037499;0.5351038925397688
971;558;6.326149473155099;388197.0;1.437414508612895;0.890937849885198
972;546;6.304448802421981;364991.0;1.4959272968374562;0.9146603222133477
973;600;6.398594934535208;290476.0;2.065575124967295;1.1202351945154292
974;882;6.78332520060396;891190.0;0.989687945331523;0.6879778150490149
975;2;1.0986122886681096;;0.0;0.0
976;154;5.043425116919247;;0.0;0.0
977;7;2.0794415416798357;;0.0;0.0
978;30;3.4339872044851463;;0.0;0.0
986;10;2.3978952727983707;;0.0;0.0
987;170;5.14166355650266;;0.0;0.0
988;222;5.407171771460119;;0.0;0.0
